INSERT INTO counties (county_id, name) VALUES (1, 'Nairobi');
INSERT INTO counties (county_id, name) VALUES (2, 'Kiambu');
INSERT INTO counties (county_id, name) VALUES (3, 'Machakos');
INSERT INTO counties (county_id, name) VALUES (4, 'Kajiado');


INSERT INTO sub_counties (sub_county_id, name, county_id) VALUES (1, 'Dagoretti North', 1);
INSERT INTO sub_counties (sub_county_id, name, county_id) VALUES (2, 'Dagoretti South', 1);
INSERT INTO sub_counties (sub_county_id, name, county_id) VALUES (3, 'Langata', 1);
INSERT INTO sub_counties (sub_county_id, name, county_id) VALUES (4, 'Kibra', 1);
INSERT INTO sub_counties (sub_county_id, name, county_id) VALUES (5, 'Kasarani', 1);
INSERT INTO sub_counties (sub_county_id, name, county_id) VALUES (6, 'Roysambu', 1);
INSERT INTO sub_counties (sub_county_id, name, county_id) VALUES (7, 'Ruaraka', 1);
INSERT INTO sub_counties (sub_county_id, name, county_id) VALUES (8, 'Embakasi Central', 1);
INSERT INTO sub_counties (sub_county_id, name, county_id) VALUES (9, 'Embakasi East', 1);
INSERT INTO sub_counties (sub_county_id, name, county_id) VALUES (10, 'Embakasi North', 1);
INSERT INTO sub_counties (sub_county_id, name, county_id) VALUES (11, 'Embakasi South', 1);
INSERT INTO sub_counties (sub_county_id, name, county_id) VALUES (12, 'Embakasi West', 1);
INSERT INTO sub_counties (sub_county_id, name, county_id) VALUES (13, 'Kamukunji', 1);
INSERT INTO sub_counties (sub_county_id, name, county_id) VALUES (14, 'Makadara', 1);
INSERT INTO sub_counties (sub_county_id, name, county_id) VALUES (15, 'Mathare', 1);
INSERT INTO sub_counties (sub_county_id, name, county_id) VALUES (16, 'Starehe', 1);
INSERT INTO sub_counties (sub_county_id, name, county_id) VALUES (17, 'Westlands', 1);
INSERT INTO sub_counties (sub_county_id, name, county_id) VALUES (18, 'Gatundu North', 2);
INSERT INTO sub_counties (sub_county_id, name, county_id) VALUES (19, 'Gatundu South', 2);
INSERT INTO sub_counties (sub_county_id, name, county_id) VALUES (20, 'Githunguri', 2);
INSERT INTO sub_counties (sub_county_id, name, county_id) VALUES (21, 'Juja', 2);
INSERT INTO sub_counties (sub_county_id, name, county_id) VALUES (22, 'Kabete', 2);
INSERT INTO sub_counties (sub_county_id, name, county_id) VALUES (23, 'Kiambaa', 2);
INSERT INTO sub_counties (sub_county_id, name, county_id) VALUES (24, 'Kiambu', 2);
INSERT INTO sub_counties (sub_county_id, name, county_id) VALUES (25, 'Kikuyu', 2);
INSERT INTO sub_counties (sub_county_id, name, county_id) VALUES (26, 'Lari', 2);
INSERT INTO sub_counties (sub_county_id, name, county_id) VALUES (27, 'Limuru', 2);
INSERT INTO sub_counties (sub_county_id, name, county_id) VALUES (28, 'Ruiru', 2);
INSERT INTO sub_counties (sub_county_id, name, county_id) VALUES (29, 'Thika Town', 2);
INSERT INTO sub_counties (sub_county_id, name, county_id) VALUES (30, 'Machakos Town', 3);
INSERT INTO sub_counties (sub_county_id, name, county_id) VALUES (31, 'Mavoko', 3);
INSERT INTO sub_counties (sub_county_id, name, county_id) VALUES (32, 'Masinga', 3);
INSERT INTO sub_counties (sub_county_id, name, county_id) VALUES (33, 'Yatta', 3);
INSERT INTO sub_counties (sub_county_id, name, county_id) VALUES (34, 'Kangundo', 3);
INSERT INTO sub_counties (sub_county_id, name, county_id) VALUES (35, 'Kathiani', 3);
INSERT INTO sub_counties (sub_county_id, name, county_id) VALUES (36, 'Matungulu', 3);
INSERT INTO sub_counties (sub_county_id, name, county_id) VALUES (37, 'Mwala', 3);
INSERT INTO sub_counties (sub_county_id, name, county_id) VALUES (38, 'Kajiado North', 4);
INSERT INTO sub_counties (sub_county_id, name, county_id) VALUES (39, 'Kajiado Central', 4);
INSERT INTO sub_counties (sub_county_id, name, county_id) VALUES (40, 'Kajiado East', 4);
INSERT INTO sub_counties (sub_county_id, name, county_id) VALUES (41, 'Kajiado South', 4);
INSERT INTO sub_counties (sub_county_id, name, county_id) VALUES (42, 'Isinya', 4);
INSERT INTO sub_counties (sub_county_id, name, county_id) VALUES (43, 'Mashuru', 4);
INSERT INTO sub_counties (sub_county_id, name, county_id) VALUES (44, 'Loitokitok', 4);



INSERT INTO wards (ward_id, name, sub_county_id) VALUES (1, 'Kilimani', 1);
INSERT INTO wards (ward_id, name, sub_county_id) VALUES (2, 'Kawangware', 1);
INSERT INTO wards (ward_id, name, sub_county_id) VALUES (3, 'Gatina', 1);
INSERT INTO wards (ward_id, name, sub_county_id) VALUES (4, 'Kileleshwa', 1);
INSERT INTO wards (ward_id, name, sub_county_id) VALUES (5, 'Kabiro', 1);
INSERT INTO wards (ward_id, name, sub_county_id) VALUES (6, 'Mutu-ini', 2);
INSERT INTO wards (ward_id, name, sub_county_id) VALUES (7, 'Ngando', 2);
INSERT INTO wards (ward_id, name, sub_county_id) VALUES (8, 'Riruta', 2);
INSERT INTO wards (ward_id, name, sub_county_id) VALUES (9, 'Uthiru', 2);
INSERT INTO wards (ward_id, name, sub_county_id) VALUES (10, 'Waithaka', 2);
INSERT INTO wards (ward_id, name, sub_county_id) VALUES (11, 'Karen', 3);
INSERT INTO wards (ward_id, name, sub_county_id) VALUES (12, 'Nairobi West', 3);
INSERT INTO wards (ward_id, name, sub_county_id) VALUES (13, 'Mugumoini', 3);
INSERT INTO wards (ward_id, name, sub_county_id) VALUES (14, 'South C', 3);
INSERT INTO wards (ward_id, name, sub_county_id) VALUES (15, 'Nyayo Highrise', 3);
INSERT INTO wards (ward_id, name, sub_county_id) VALUES (16, 'Laini Saba', 4);
INSERT INTO wards (ward_id, name, sub_county_id) VALUES (17, 'Lindi', 4);
INSERT INTO wards (ward_id, name, sub_county_id) VALUES (18, 'Makina', 4);
INSERT INTO wards (ward_id, name, sub_county_id) VALUES (19, 'Woodley', 4);
INSERT INTO wards (ward_id, name, sub_county_id) VALUES (20, 'Sarang'ombe', 4);
INSERT INTO wards (ward_id, name, sub_county_id) VALUES (21, 'Clay City', 5);
INSERT INTO wards (ward_id, name, sub_county_id) VALUES (22, 'Mwiki', 5);
INSERT INTO wards (ward_id, name, sub_county_id) VALUES (23, 'Kasarani', 5);
INSERT INTO wards (ward_id, name, sub_county_id) VALUES (24, 'Njiru', 5);
INSERT INTO wards (ward_id, name, sub_county_id) VALUES (25, 'Ruai', 5);
INSERT INTO wards (ward_id, name, sub_county_id) VALUES (26, 'Zimmermann', 6);
INSERT INTO wards (ward_id, name, sub_county_id) VALUES (27, 'Githurai', 6);
INSERT INTO wards (ward_id, name, sub_county_id) VALUES (28, 'Kahawa West', 6);
INSERT INTO wards (ward_id, name, sub_county_id) VALUES (29, 'Roysambu', 6);
INSERT INTO wards (ward_id, name, sub_county_id) VALUES (30, 'Kahawa', 6);
INSERT INTO wards (ward_id, name, sub_county_id) VALUES (31, 'Babadogo', 7);
INSERT INTO wards (ward_id, name, sub_county_id) VALUES (32, 'Utalii', 7);
INSERT INTO wards (ward_id, name, sub_county_id) VALUES (33, 'Mathare North', 7);
INSERT INTO wards (ward_id, name, sub_county_id) VALUES (34, 'Lucky Summer', 7);
INSERT INTO wards (ward_id, name, sub_county_id) VALUES (35, 'Korogocho', 7);
INSERT INTO wards (ward_id, name, sub_county_id) VALUES (36, 'Kayole North', 8);
INSERT INTO wards (ward_id, name, sub_county_id) VALUES (37, 'Kayole Central', 8);
INSERT INTO wards (ward_id, name, sub_county_id) VALUES (38, 'Kayole South', 8);
INSERT INTO wards (ward_id, name, sub_county_id) VALUES (39, 'Komarock', 8);
INSERT INTO wards (ward_id, name, sub_county_id) VALUES (40, 'Matopeni/Spring Valley', 8);
INSERT INTO wards (ward_id, name, sub_county_id) VALUES (41, 'Upper Savanna', 9);
INSERT INTO wards (ward_id, name, sub_county_id) VALUES (42, 'Lower Savanna', 9);
INSERT INTO wards (ward_id, name, sub_county_id) VALUES (43, 'Embakasi', 9);
INSERT INTO wards (ward_id, name, sub_county_id) VALUES (44, 'Utawala', 9);
INSERT INTO wards (ward_id, name, sub_county_id) VALUES (45, 'Mihang’o', 9);
INSERT INTO wards (ward_id, name, sub_county_id) VALUES (46, 'Kariobangi North', 10);
INSERT INTO wards (ward_id, name, sub_county_id) VALUES (47, 'Dandora Area I', 10);
INSERT INTO wards (ward_id, name, sub_county_id) VALUES (48, 'Dandora Area II', 10);
INSERT INTO wards (ward_id, name, sub_county_id) VALUES (49, 'Dandora Area III', 10);
INSERT INTO wards (ward_id, name, sub_county_id) VALUES (50, 'Dandora Area IV', 10);
INSERT INTO wards (ward_id, name, sub_county_id) VALUES (51, 'Imara Daima', 11);
INSERT INTO wards (ward_id, name, sub_county_id) VALUES (52, 'Kwa Njenga', 11);
INSERT INTO wards (ward_id, name, sub_county_id) VALUES (53, 'Kwa Reuben', 11);
INSERT INTO wards (ward_id, name, sub_county_id) VALUES (54, 'Pipeline', 11);
INSERT INTO wards (ward_id, name, sub_county_id) VALUES (55, 'Kware', 11);
INSERT INTO wards (ward_id, name, sub_county_id) VALUES (56, 'Umoja I', 12);
INSERT INTO wards (ward_id, name, sub_county_id) VALUES (57, 'Umoja II', 12);
INSERT INTO wards (ward_id, name, sub_county_id) VALUES (58, 'Mowlem', 12);
INSERT INTO wards (ward_id, name, sub_county_id) VALUES (59, 'Kariobangi South', 12);
INSERT INTO wards (ward_id, name, sub_county_id) VALUES (60, 'Eastleigh North', 13);
INSERT INTO wards (ward_id, name, sub_county_id) VALUES (61, 'Eastleigh South', 13);
INSERT INTO wards (ward_id, name, sub_county_id) VALUES (62, 'Pumwani', 13);
INSERT INTO wards (ward_id, name, sub_county_id) VALUES (63, 'Airbase', 13);
INSERT INTO wards (ward_id, name, sub_county_id) VALUES (64, 'California', 13);
INSERT INTO wards (ward_id, name, sub_county_id) VALUES (65, 'Maringo/Hamza', 14);
INSERT INTO wards (ward_id, name, sub_county_id) VALUES (66, 'Viwandani', 14);
INSERT INTO wards (ward_id, name, sub_county_id) VALUES (67, 'Harambee', 14);
INSERT INTO wards (ward_id, name, sub_county_id) VALUES (68, 'Makongeni', 14);
INSERT INTO wards (ward_id, name, sub_county_id) VALUES (69, 'Mbotela', 14);
INSERT INTO wards (ward_id, name, sub_county_id) VALUES (70, 'Hospital', 15);
INSERT INTO wards (ward_id, name, sub_county_id) VALUES (71, 'Mabatini', 15);
INSERT INTO wards (ward_id, name, sub_county_id) VALUES (72, 'Huruma', 15);
INSERT INTO wards (ward_id, name, sub_county_id) VALUES (73, 'Ngei', 15);
INSERT INTO wards (ward_id, name, sub_county_id) VALUES (74, 'Mlango Kubwa', 15);
INSERT INTO wards (ward_id, name, sub_county_id) VALUES (75, 'Kiamaiko', 15);
INSERT INTO wards (ward_id, name, sub_county_id) VALUES (76, 'Nairobi Central', 16);
INSERT INTO wards (ward_id, name, sub_county_id) VALUES (77, 'Ngara', 16);
INSERT INTO wards (ward_id, name, sub_county_id) VALUES (78, 'Pangani', 16);
INSERT INTO wards (ward_id, name, sub_county_id) VALUES (79, 'Landimawe', 16);
INSERT INTO wards (ward_id, name, sub_county_id) VALUES (80, 'Nairobi South', 16);
INSERT INTO wards (ward_id, name, sub_county_id) VALUES (81, 'Ziwani', 16);
INSERT INTO wards (ward_id, name, sub_county_id) VALUES (82, 'Kitisuru', 17);
INSERT INTO wards (ward_id, name, sub_county_id) VALUES (83, 'Parklands', 17);
INSERT INTO wards (ward_id, name, sub_county_id) VALUES (84, 'Highridge', 17);
INSERT INTO wards (ward_id, name, sub_county_id) VALUES (85, 'Karura', 17);
INSERT INTO wards (ward_id, name, sub_county_id) VALUES (86, 'Kangemi', 17);
INSERT INTO wards (ward_id, name, sub_county_id) VALUES (87, 'Mountain View', 17);
INSERT INTO wards (ward_id, name, sub_county_id) VALUES (88, 'Gituamba', 18);
INSERT INTO wards (ward_id, name, sub_county_id) VALUES (89, 'Githobokoni', 18);
INSERT INTO wards (ward_id, name, sub_county_id) VALUES (90, 'Chania', 18);
INSERT INTO wards (ward_id, name, sub_county_id) VALUES (91, 'Mang’u', 18);
INSERT INTO wards (ward_id, name, sub_county_id) VALUES (92, 'Kiamwangi', 19);
INSERT INTO wards (ward_id, name, sub_county_id) VALUES (93, 'Kiganjo', 19);
INSERT INTO wards (ward_id, name, sub_county_id) VALUES (94, 'Ndarugo', 19);
INSERT INTO wards (ward_id, name, sub_county_id) VALUES (95, 'Ngenda', 19);
INSERT INTO wards (ward_id, name, sub_county_id) VALUES (96, 'Githunguri', 20);
INSERT INTO wards (ward_id, name, sub_county_id) VALUES (97, 'Githiga', 20);
INSERT INTO wards (ward_id, name, sub_county_id) VALUES (98, 'Ikinu', 20);
INSERT INTO wards (ward_id, name, sub_county_id) VALUES (99, 'Ngewa', 20);
INSERT INTO wards (ward_id, name, sub_county_id) VALUES (100, 'Komothai', 20);
INSERT INTO wards (ward_id, name, sub_county_id) VALUES (101, 'Murera', 21);
INSERT INTO wards (ward_id, name, sub_county_id) VALUES (102, 'Theta', 21);
INSERT INTO wards (ward_id, name, sub_county_id) VALUES (103, 'Juja', 21);
INSERT INTO wards (ward_id, name, sub_county_id) VALUES (104, 'Witeithie', 21);
INSERT INTO wards (ward_id, name, sub_county_id) VALUES (105, 'Kalimoni', 21);
INSERT INTO wards (ward_id, name, sub_county_id) VALUES (106, 'Gitaru', 22);
INSERT INTO wards (ward_id, name, sub_county_id) VALUES (107, 'Muguga', 22);
INSERT INTO wards (ward_id, name, sub_county_id) VALUES (108, 'Nyathuna', 22);
INSERT INTO wards (ward_id, name, sub_county_id) VALUES (109, 'Kabete', 22);
INSERT INTO wards (ward_id, name, sub_county_id) VALUES (110, 'Uthiru', 22);
INSERT INTO wards (ward_id, name, sub_county_id) VALUES (111, 'Cianda', 23);
INSERT INTO wards (ward_id, name, sub_county_id) VALUES (112, 'Karuri', 23);
INSERT INTO wards (ward_id, name, sub_county_id) VALUES (113, 'Ndenderu', 23);
INSERT INTO wards (ward_id, name, sub_county_id) VALUES (114, 'Muchatha', 23);
INSERT INTO wards (ward_id, name, sub_county_id) VALUES (115, 'Kihara', 23);
INSERT INTO wards (ward_id, name, sub_county_id) VALUES (116, 'Ting'ang'a', 24);
INSERT INTO wards (ward_id, name, sub_county_id) VALUES (117, 'Ndumberi', 24);
INSERT INTO wards (ward_id, name, sub_county_id) VALUES (118, 'Riabai', 24);
INSERT INTO wards (ward_id, name, sub_county_id) VALUES (119, 'Township', 24);
INSERT INTO wards (ward_id, name, sub_county_id) VALUES (120, 'Karai', 25);
INSERT INTO wards (ward_id, name, sub_county_id) VALUES (121, 'Nachu', 25);
INSERT INTO wards (ward_id, name, sub_county_id) VALUES (122, 'Sigona', 25);
INSERT INTO wards (ward_id, name, sub_county_id) VALUES (123, 'Kikuyu', 25);
INSERT INTO wards (ward_id, name, sub_county_id) VALUES (124, 'Kinoo', 25);
INSERT INTO wards (ward_id, name, sub_county_id) VALUES (125, 'Kinale', 26);
INSERT INTO wards (ward_id, name, sub_county_id) VALUES (126, 'Kijabe', 26);
INSERT INTO wards (ward_id, name, sub_county_id) VALUES (127, 'Nyanduma', 26);
INSERT INTO wards (ward_id, name, sub_county_id) VALUES (128, 'Kamburu', 26);
INSERT INTO wards (ward_id, name, sub_county_id) VALUES (129, 'Lari/Kirenga', 26);
INSERT INTO wards (ward_id, name, sub_county_id) VALUES (130, 'Bibirioni', 27);
INSERT INTO wards (ward_id, name, sub_county_id) VALUES (131, 'Limuru Central', 27);
INSERT INTO wards (ward_id, name, sub_county_id) VALUES (132, 'Ndeiya', 27);
INSERT INTO wards (ward_id, name, sub_county_id) VALUES (133, 'Limuru East', 27);
INSERT INTO wards (ward_id, name, sub_county_id) VALUES (134, 'Ngecha/Tigoni', 27);
INSERT INTO wards (ward_id, name, sub_county_id) VALUES (135, 'Gitothua', 28);
INSERT INTO wards (ward_id, name, sub_county_id) VALUES (136, 'Biashara', 28);
INSERT INTO wards (ward_id, name, sub_county_id) VALUES (137, 'Gatongora', 28);
INSERT INTO wards (ward_id, name, sub_county_id) VALUES (138, 'Kahawa/Sukari', 28);
INSERT INTO wards (ward_id, name, sub_county_id) VALUES (139, 'Kahawa Wendani', 28);
INSERT INTO wards (ward_id, name, sub_county_id) VALUES (140, 'Kiuu', 28);
INSERT INTO wards (ward_id, name, sub_county_id) VALUES (141, 'Mwiki', 28);
INSERT INTO wards (ward_id, name, sub_county_id) VALUES (142, 'Mwihoko', 28);
INSERT INTO wards (ward_id, name, sub_county_id) VALUES (143, 'Township', 29);
INSERT INTO wards (ward_id, name, sub_county_id) VALUES (144, 'Kamenu', 29);
INSERT INTO wards (ward_id, name, sub_county_id) VALUES (145, 'Hospital', 29);
INSERT INTO wards (ward_id, name, sub_county_id) VALUES (146, 'Gatuanyaga', 29);
INSERT INTO wards (ward_id, name, sub_county_id) VALUES (147, 'Ngoliba', 29);